{
  "episode_rewards": [
    7.469934385967026,
    7.272324020132382,
    6.22778606613152,
    6.238154248024738,
    6.2173819752696255,
    6.2280230679136475,
    6.242508104727513,
    6.240840586808544,
    6.199504838177768,
    6.232455018899781,
    6.229305434425013,
    6.218475270825644,
    6.2353327251832456,
    6.201841503177621,
    6.268617702897211,
    6.198046474906609,
    6.216655378346629,
    6.201715388412313,
    6.208965126855777,
    6.207391057071186
  ],
  "advanced_rewards": [
    0.5337785052508237,
    0.5609968602784915,
    0.5623341421907607,
    0.562436208080435,
    0.5725392825103058,
    0.5702912698656402,
    0.5609677941846225,
    0.5611587280722513,
    0.5610758427031965,
    0.5725011743874167,
    0.5611581439702678,
    0.5649674453890674,
    0.5633593555794115,
    0.5647587183822328,
    0.5629513629494506,
    0.5643442491935529,
    0.5683082699132602,
    0.5661833098761657,
    0.5696287162600758,
    0.5641793206424441
  ],
  "paper_quality_scores": [
    0.8191583957201113,
    0.8107028521289612,
    0.7726147097436962,
    0.7548432236251197,
    0.7803558360163169,
    0.7990173447981304,
    0.7900742724637495,
    0.7723897464765708,
    0.7654926318772549,
    0.7899287261949214,
    0.7734673774653307,
    0.7747515706344668,
    0.7793650825048808,
    0.7887738146106802,
    0.7642312897151349,
    0.7638716603236626,
    0.7741941527069796,
    0.7799931011585641,
    0.7940202332697629,
    0.7854086861818591
  ],
  "agent_coordination_scores": [
    0.9133700641633145,
    0.9999825960495416,
    0.9999880793552552,
    0.9999864105103498,
    0.9999890329859173,
    0.9999926091332993,
    0.9999920131051832,
    0.9999928475449437,
    0.9999898674157308,
    0.9999930859568154,
    0.9999870065251085,
    0.9999586377984724,
    0.999992728339093,
    0.9999860529021765,
    0.9999929667508511,
    0.9999935627812409,
    0.9999934435750493,
    0.9999940396065758,
    0.9999923707218823,
    0.9999939204001569
  ],
  "generation_times": [
    146.76294779777527,
    0.028304576873779297,
    0.022058486938476562,
    0.02678680419921875,
    0.026146888732910156,
    0.020620346069335938,
    0.024803876876831055,
    0.023227930068969727,
    0.022649765014648438,
    0.021913766860961914,
    0.0245821475982666,
    0.023494720458984375,
    0.024605989456176758,
    0.02179121971130371,
    0.017572402954101562,
    0.021598339080810547,
    0.02098369598388672,
    0.019669771194458008,
    0.020166397094726562,
    0.021031618118286133
  ],
  "sections_completed": [
    3.6,
    5.4,
    5.4,
    5.4,
    5.4,
    5.4,
    5.4,
    5.4,
    5.4,
    5.4,
    5.4,
    5.4,
    5.4,
    5.4,
    5.4,
    5.4,
    5.4,
    5.4,
    5.4,
    5.4
  ],
  "efficiency_scores": [
    1.6352904728084678,
    12726.080404551201,
    16337.023965377331,
    13448.670140280561,
    13777.413774225337,
    17469.998495910033,
    14523.77207494902,
    15510.68259560961,
    15917.662239089184,
    16442.34033517363,
    14748.336507750462,
    15336.75398413456,
    14664.544024241013,
    16545.39660972376,
    20506.422935368653,
    16681.022105856227,
    17173.152573215808,
    18317.515527950312,
    17891.24413479312,
    17132.233959267032
  ],
  "novelty_scores": [
    0.2,
    0.2,
    0.2,
    0.2,
    0.2,
    0.2,
    0.2,
    0.2,
    0.2,
    0.2,
    0.2,
    0.2,
    0.2,
    0.2,
    0.2,
    0.2,
    0.2,
    0.2,
    0.2,
    0.2
  ],
  "coherence_scores": [
    0.17784650129379193,
    0.17999067115691528,
    0.1889022283682342,
    0.18958378019600042,
    0.1889022283682342,
    0.19218270293056597,
    0.17979061916069425,
    0.18106295545171283,
    0.1805123730774892,
    0.19151618709779,
    0.18106295545171283,
    0.20305269561043782,
    0.18343118664891034,
    0.17997746833130226,
    0.1930137751624363,
    0.20229928610285833,
    0.2011995240161897,
    0.19909551023249575,
    0.20012417562272,
    0.2011995240161897
  ],
  "learning_curves": {
    "literature": [
      0.787489442949963,
      0.787489442949963,
      0.787489442949963,
      0.787489442949963,
      0.787489442949963,
      0.787489442949963,
      0.787489442949963,
      0.787489442949963,
      0.787489442949963,
      0.787489442949963,
      0.787489442949963,
      0.787489442949963,
      0.787489442949963,
      0.787489442949963,
      0.787489442949963,
      0.787489442949963,
      0.787489442949963,
      0.787489442949963,
      0.787489442949963,
      0.787489442949963
    ],
    "methodology": [
      0.8549596258505817,
      0.8522736548697815,
      0.8555951179737357,
      0.8653361524500587,
      0.8598941366091145,
      0.8578523132112317,
      0.8574199322615839,
      0.8444445286639721,
      0.8449618765790117,
      0.8392666412089056,
      0.8450485397180971,
      0.8464951138157459,
      0.8580177952253211,
      0.8465123944747444,
      0.8456120176801468,
      0.8460061898997646,
      0.844259750252023,
      0.8465415166581624,
      0.8481973723341664,
      0.8484660963414147
    ],
    "writing": [
      0.7647909943996131,
      0.7532772175313379,
      0.7504021590401649,
      0.7561391950925376,
      0.7428027061067927,
      0.745963207009833,
      0.7569181007198226,
      0.7711752735810229,
      0.7627811215310152,
      0.7583840179218331,
      0.7560392816780281,
      0.7469986484277441,
      0.7555075469423249,
      0.7534434514061388,
      0.7622234186376434,
      0.7548574201556395,
      0.7530811626726991,
      0.7412787814494883,
      0.7423846832785123,
      0.7393851304966119
    ],
    "orchestrator": []
  },
  "curriculum_progression": [
    {
      "episode": 1,
      "difficulty": "easy",
      "topic": "Basic Neural Networks"
    },
    {
      "episode": 2,
      "difficulty": "easy",
      "topic": "Simple Classification Problems"
    },
    {
      "episode": 3,
      "difficulty": "easy",
      "topic": "Introduction to Machine Learning"
    },
    {
      "episode": 4,
      "difficulty": "easy",
      "topic": "Introduction to Machine Learning"
    },
    {
      "episode": 5,
      "difficulty": "easy",
      "topic": "Introduction to Machine Learning"
    },
    {
      "episode": 6,
      "difficulty": "easy",
      "topic": "Decision Trees and Random Forests"
    },
    {
      "episode": 7,
      "difficulty": "medium",
      "topic": "Reinforcement Learning Fundamentals"
    },
    {
      "episode": 8,
      "difficulty": "medium",
      "topic": "Reinforcement Learning Fundamentals"
    },
    {
      "episode": 9,
      "difficulty": "medium",
      "topic": "Transfer Learning Applications"
    },
    {
      "episode": 10,
      "difficulty": "medium",
      "topic": "Natural Language Processing Methods"
    },
    {
      "episode": 11,
      "difficulty": "medium",
      "topic": "Reinforcement Learning Fundamentals"
    },
    {
      "episode": 12,
      "difficulty": "medium",
      "topic": "Deep Learning for Computer Vision"
    },
    {
      "episode": 13,
      "difficulty": "medium",
      "topic": "Ensemble Learning Techniques"
    },
    {
      "episode": 14,
      "difficulty": "medium",
      "topic": "Graph Neural Networks"
    },
    {
      "episode": 15,
      "difficulty": "hard",
      "topic": "Quantum Machine Learning Algorithms"
    },
    {
      "episode": 16,
      "difficulty": "hard",
      "topic": "Adversarial Machine Learning and Defense Mechanisms"
    },
    {
      "episode": 17,
      "difficulty": "hard",
      "topic": "Explainable AI in Healthcare Applications"
    },
    {
      "episode": 18,
      "difficulty": "hard",
      "topic": "Federated Learning for Privacy-Preserving AI"
    },
    {
      "episode": 19,
      "difficulty": "hard",
      "topic": "Neuro-Symbolic AI for Reasoning Tasks"
    },
    {
      "episode": 20,
      "difficulty": "hard",
      "topic": "Explainable AI in Healthcare Applications"
    }
  ],