{
  "episode_rewards": [
    71.00627046347236,
    71.24916611705888,
    71.06413013155647,
    70.49373710128191,
    70.4014689100536,
    71.1777861964675,
    70.67992383466158,
    70.88097701386424,
    71.2750310491202,
    71.33220741102232
  ],
  "paper_quality_scores": [
    0.775,
    0.775,
    0.775,
    0.775,
    0.775,
    0.775,
    0.775,
    0.775,
    0.775,
    0.775
  ],
  "agent_coordination_scores": [
    0.0,
    0.0,
    0.0,
    0.0,
    0.0,
    0.0,
    0.0,
    0.0,
    0.0,
    0.0
  ],
  "generation_times": [
    0,
    0,
    0,
    0,
    0,
    0,
    0,
    0,
    0,
    0
  ]
}