{
  "episode_rewards": [
    13.94054619398379,
    13.990097229610699,
    14.06879223846608,
    14.011745570168683,
    13.846940482166795,
    13.75397744626546,
    14.012060213615968,
    14.110691816011723,
    14.259563445121765,
    13.741424231673328
  ],
  "paper_quality_scores": [
    0.775,
    0.775,
    0.775,
    0.775,
    0.775,
    0.775,
    0.775,
    0.775,
    0.775,
    0.775
  ],
  "agent_coordination_scores": [
    0.9118999625054822,
    0.9445552395633542,
    0.9999971389934216,
    0.890146981919291,
    0.9999990463275026,
    0.817302377840252,
    0.9055341243737349,
    0.9999976158255777,
    0.9999996423723871,
    0.8456348103027638
  ],
  "generation_times": [
    3.131934642791748,
    2.7050530910491943,
    2.610351324081421,
    3.2963452339172363,
    3.3261146545410156,
    3.9931702613830566,
    2.457664966583252,
    2.206869602203369,
    1.8196663856506348,
    4.0321149826049805
  ],
  "sections_completed": [
    2.3,
    2.3,
    2.3,
    2.3,
    2.3,
    2.3,
    2.3,
    2.3,
    2.3,
    2.3
  ]
}